<?xml version="1.0" encoding="utf-8"?>
<status>
  <b id="0" duration="0" jp="戦闘不能" enLog="KO'd">KO</b>
  <b id="1" duration="0" jp="衰弱" enLog="weakened">weakness</b>
  <b id="2" duration="0" jp="睡眠" enLog="asleep">sleep</b>
  <b id="3" duration="0" jp="毒" enLog="poisoned">poison</b>
  <b id="4" duration="0" jp="麻痺" enLog="paralyzed">paralysis</b>
  <b id="5" duration="0" jp="暗闇" enLog="blinded">blindness</b>
  <b id="6" duration="0" jp="静寂" enLog="silenced">silence</b>
  <b id="7" duration="0" jp="石化" enLog="petrified">petrification</b>
  <b id="8" duration="0" jp="病気" enLog="diseased">disease</b>
  <b id="9" duration="0" jp="呪い" enLog="cursed">curse</b>
  <b id="10" duration="0" jp="スタン" enLog="stunned">stun</b>
  <b id="11" duration="0" jp="バインド" enLog="bound">bind</b>
  <b id="12" duration="0" jp="ヘヴィ" enLog="weighed down">weight</b>
  <b id="13" duration="0" jp="スロウ" enLog="slowed">slow</b>
  <b id="14" duration="0" jp="魅了" enLog="charmed">charm</b>
  <b id="15" duration="0" jp="死の宣告" enLog="doomed">doom</b>
  <b id="16" duration="0" jp="アムネジア" enLog="amnesic">amnesia</b>
  <b id="17" duration="0" jp="魅了" enLog="charmed">charm</b>
  <b id="18" duration="0" jp="徐々に石化" enLog="gradually petrifying">gradual petrification</b>
  <b id="19" duration="0" jp="睡眠" enLog="asleep">sleep</b>
  <b id="20" duration="0" jp="呪い" enLog="cursed">curse</b>
  <b id="21" duration="0" jp="アドル" enLog="addled">addle</b>
  <b id="22" duration="0" jp="ひるみ" enLog="intimidated">intimidate</b>
  <b id="23" duration="0" jp="メルトン" enLog="afflicted with Kaustra">Kaustra</b>
  <b id="24" duration="0" jp="ＳＴ２４" enLog="ST24">ST24</b>
  <b id="25" duration="0" jp="ＳＴ２５" enLog="ST25">ST25</b>
  <b id="26" duration="0" jp="ＳＴ２６" enLog="ST26">ST26</b>
  <b id="27" duration="0" jp="ＳＴ２７" enLog="ST27">ST27</b>
  <b id="28" duration="0" jp="テラー" enLog="terrorized">terror</b>
  <b id="29" duration="0" jp="沈黙" enLog="muted">mute</b>
  <b id="30" duration="0" jp="呪詛" enLog="baned">bane</b>
  <b id="31" duration="0" jp="悪疫" enLog="plagued">plague</b>
  <b id="32" duration="0" jp="とんずら" enLog="fleeing">Flee</b>
  <b id="33" duration="0" jp="ヘイスト" enLog="hastened">Haste</b>
  <b id="34" duration="0" jp="ブレイズスパイク" enLog="Blaze Spikes">Blaze Spikes</b>
  <b id="35" duration="0" jp="アイススパイク" enLog="Ice Spikes">Ice Spikes</b>
  <b id="36" duration="0" jp="ブリンク" enLog="Blink">Blink</b>
  <b id="37" duration="0" jp="ストンスキン" enLog="Stoneskin">Stoneskin</b>
  <b id="38" duration="0" jp="ショックスパイク" enLog="Shock Spikes">Shock Spikes</b>
  <b id="39" duration="0" jp="アクアベール" enLog="Aquaveil">Aquaveil</b>
  <b id="40" duration="0" jp="プロテス" enLog="Protect">Protect</b>
  <b id="41" duration="0" jp="シェル" enLog="Shell">Shell</b>
  <b id="42" duration="0" jp="リジェネ" enLog="regenerating">Regen</b>
  <b id="43" duration="0" jp="リフレシュ" enLog="refreshing">Refresh</b>
  <b id="44" duration="0" jp="マイティストライク" enLog="Mighty Strikes">Mighty Strikes</b>
  <b id="45" duration="0" jp="ためる" enLog="Boost">Boost</b>
  <b id="46" duration="0" jp="百烈拳" enLog="Hundred Fists">Hundred Fists</b>
  <b id="47" duration="0" jp="魔力の泉" enLog="Manafont">Manafont</b>
  <b id="48" duration="0" jp="連続魔" enLog="Chainspell">Chainspell</b>
  <b id="49" duration="0" jp="絶対回避" enLog="Perfect Dodge">Perfect Dodge</b>
  <b id="50" duration="0" jp="インビンシブル" enLog="Invincible">Invincible</b>
  <b id="51" duration="0" jp="ブラッドウェポン" enLog="Blood Weapon">Blood Weapon</b>
  <b id="52" duration="0" jp="ソウルボイス" enLog="Soul Voice">Soul Voice</b>
  <b id="53" duration="0" jp="イーグルアイ" enLog="Eagle Eye Shot">Eagle Eye Shot</b>
  <b id="54" duration="0" jp="明鏡止水" enLog="Meikyo Shisui">Meikyo Shisui</b>
  <b id="55" duration="0" jp="アストラルフロウ" enLog="Astral Flow">Astral Flow</b>
  <b id="56" duration="0" jp="バーサク" enLog="Berserk">Berserk</b>
  <b id="57" duration="0" jp="ディフェンダー" enLog="Defender">Defender</b>
  <b id="58" duration="0" jp="アグレッサー" enLog="Aggressor">Aggressor</b>
  <b id="59" duration="0" jp="集中" enLog="Focus">Focus</b>
  <b id="60" duration="0" jp="回避" enLog="Dodge">Dodge</b>
  <b id="61" duration="0" jp="かまえる" enLog="Counterstance">Counterstance</b>
  <b id="62" duration="0" jp="センチネル" enLog="Sentinel">Sentinel</b>
  <b id="63" duration="0" jp="暗黒" enLog="Souleater">Souleater</b>
  <b id="64" duration="0" jp="ラストリゾート" enLog="Last Resort">Last Resort</b>
  <b id="65" duration="0" jp="不意打ち" enLog="Sneak Attack">Sneak Attack</b>
  <b id="66" duration="0" jp="分身" enLog="Copy Image">Copy Image</b>
  <b id="67" duration="0" jp="心眼" enLog="Third Eye">Third Eye</b>
  <b id="68" duration="0" jp="ウォークライ" enLog="Warcry">Warcry</b>
  <b id="69" duration="0" jp="インビジ" enLog="Invisible">Invisible</b>
  <b id="70" duration="0" jp="デオード" enLog="Deodorize">Deodorize</b>
  <b id="71" duration="0" jp="スニーク" enLog="Sneak">Sneak</b>
  <b id="72" duration="0" jp="狙い撃ち" enLog="Sharpshot">Sharpshot</b>
  <b id="73" duration="0" jp="乱れ撃ち" enLog="Barrage">Barrage</b>
  <b id="74" duration="0" jp="ホーリーサークル" enLog="Holy Circle">Holy Circle</b>
  <b id="75" duration="0" jp="アルケインサークル" enLog="Arcane Circle">Arcane Circle</b>
  <b id="76" duration="0" jp="かくれる" enLog="hiding">Hide</b>
  <b id="77" duration="0" jp="カモフラージュ" enLog="camouflaged">Camouflage</b>
  <b id="78" duration="0" jp="女神の印" enLog="Divine Seal">Divine Seal</b>
  <b id="79" duration="0" jp="精霊の印" enLog="Elemental Seal">Elemental Seal</b>
  <b id="80" duration="0" jp="STRアップ" enLog="STR-boosted">STR Boost</b>
  <b id="81" duration="0" jp="DEXアップ" enLog="DEX-boosted">DEX Boost</b>
  <b id="82" duration="0" jp="VITアップ" enLog="VIT-boosted">VIT Boost</b>
  <b id="83" duration="0" jp="AGIアップ" enLog="AGI-boosted">AGI Boost</b>
  <b id="84" duration="0" jp="INTアップ" enLog="INT-boosted">INT Boost</b>
  <b id="85" duration="0" jp="MNDアップ" enLog="MND-boosted">MND Boost</b>
  <b id="86" duration="0" jp="CHRアップ" enLog="CHR-boosted">CHR Boost</b>
  <b id="87" duration="0" jp="だまし討ち" enLog="Trick Attack">Trick Attack</b>
  <b id="88" duration="0" jp="HPmaxアップ" enLog="Max HP-boosted">Max HP Boost</b>
  <b id="89" duration="0" jp="MPmaxアップ" enLog="Max MP-boosted">Max MP Boost</b>
  <b id="90" duration="0" jp="命中率アップ" enLog="accuracy-boosted">Accuracy Boost</b>
  <b id="91" duration="0" jp="攻撃力アップ" enLog="attack-boosted">Attack Boost</b>
  <b id="92" duration="0" jp="回避率アップ" enLog="evasion-boosted">Evasion Boost</b>
  <b id="93" duration="0" jp="防御力アップ" enLog="defense-boosted">Defense Boost</b>
  <b id="94" duration="0" jp="エンファイア" enLog="Enfire">Enfire</b>
  <b id="95" duration="0" jp="エンブリザド" enLog="Enblizzard">Enblizzard</b>
  <b id="96" duration="0" jp="エンエアロ" enLog="Enaero">Enaero</b>
  <b id="97" duration="0" jp="エンストーン" enLog="Enstone">Enstone</b>
  <b id="98" duration="0" jp="エンサンダー" enLog="Enthunder">Enthunder</b>
  <b id="99" duration="0" jp="エンウォータ" enLog="Enwater">Enwater</b>
  <b id="100" duration="0" jp="バファイ" enLog="Barfire">Barfire</b>
  <b id="101" duration="0" jp="バブリザ" enLog="Barblizzard">Barblizzard</b>
  <b id="102" duration="0" jp="バエアロ" enLog="Baraero">Baraero</b>
  <b id="103" duration="0" jp="バストン" enLog="Barstone">Barstone</b>
  <b id="104" duration="0" jp="バサンダ" enLog="Barthunder">Barthunder</b>
  <b id="105" duration="0" jp="バウォタ" enLog="Barwater">Barwater</b>
  <b id="106" duration="0" jp="バスリプル" enLog="Barsleep">Barsleep</b>
  <b id="107" duration="0" jp="バポイズン" enLog="Barpoison">Barpoison</b>
  <b id="108" duration="0" jp="バパライズ" enLog="Barparalyze">Barparalyze</b>
  <b id="109" duration="0" jp="バブライン" enLog="Barblind">Barblind</b>
  <b id="110" duration="0" jp="バサイレス" enLog="Barsilence">Barsilence</b>
  <b id="111" duration="0" jp="バブレイク" enLog="Barpetrify">Barpetrify</b>
  <b id="112" duration="0" jp="バウィルス" enLog="Barvirus">Barvirus</b>
  <b id="113" duration="0" jp="リレイズ" enLog="Reraise">Reraise</b>
  <b id="114" duration="0" jp="かばう" enLog="Cover">Cover</b>
  <b id="115" duration="0" jp="エンドレスショット" enLog="Unlimited Shot">Unlimited Shot</b>
  <b id="116" duration="0" jp="ファランクス" enLog="Phalanx">Phalanx</b>
  <b id="117" duration="0" jp="護摩の守護円" enLog="Warding Circle">Warding Circle</b>
  <b id="118" duration="0" jp="エンシェントサークル" enLog="Ancient Circle">Ancient Circle</b>
  <b id="119" duration="0" jp="STRアップ" enLog="STR-boosted">STR Boost</b>
  <b id="120" duration="0" jp="DEXアップ" enLog="DEX-boosted">DEX Boost</b>
  <b id="121" duration="0" jp="VITアップ" enLog="VIT-boosted">VIT Boost</b>
  <b id="122" duration="0" jp="AGIアップ" enLog="AGI-boosted">AGI Boost</b>
  <b id="123" duration="0" jp="INTアップ" enLog="INT-boosted">INT Boost</b>
  <b id="124" duration="0" jp="MNDアップ" enLog="MND-boosted">MND Boost</b>
  <b id="125" duration="0" jp="CHRアップ" enLog="CHR-boosted">CHR Boost</b>
  <b id="126" duration="0" jp="竜剣" enLog="Spirit Surge">Spirit Surge</b>
  <b id="127" duration="0" jp="コスチューム" enLog="Costume">Costume</b>
  <b id="128" duration="0" jp="バーン" enLog="afflicted with Burn">Burn</b>
  <b id="129" duration="0" jp="フロスト" enLog="afflicted with Frost">Frost</b>
  <b id="130" duration="0" jp="チョーク" enLog="afflicted with Choke">Choke</b>
  <b id="131" duration="0" jp="ラスプ" enLog="afflicted with Rasp">Rasp</b>
  <b id="132" duration="0" jp="ショック" enLog="afflicted with Shock">Shock</b>
  <b id="133" duration="0" jp="ドラウン" enLog="afflicted with Drown">Drown</b>
  <b id="134" duration="0" jp="ディア" enLog="afflicted with Dia">Dia</b>
  <b id="135" duration="0" jp="バイオ" enLog="afflicted with Bio">Bio</b>
  <b id="136" duration="0" jp="STRダウン" enLog="afflicted with STR Down">STR Down</b>
  <b id="137" duration="0" jp="DEXダウン" enLog="afflicted with DEX Down">DEX Down</b>
  <b id="138" duration="0" jp="VITダウン" enLog="afflicted with VIT Down">VIT Down</b>
  <b id="139" duration="0" jp="AGIダウン" enLog="afflicted with AGI Down">AGI Down</b>
  <b id="140" duration="0" jp="INTダウン" enLog="afflicted with INT Down">INT Down</b>
  <b id="141" duration="0" jp="MNDダウン" enLog="afflicted with MND Down">MND Down</b>
  <b id="142" duration="0" jp="CHRダウン" enLog="afflicted with CHR Down">CHR Down</b>
  <b id="143" duration="0" jp="レベル制限" enLog="level-restricted">Level Restriction</b>
  <b id="144" duration="0" jp="HPmaxダウン" enLog="afflicted with Max HP Down">Max HP Down</b>
  <b id="145" duration="0" jp="MPmaxダウン" enLog="afflicted with Max MP Down">Max MP Down</b>
  <b id="146" duration="0" jp="命中率ダウン" enLog="afflicted with Accuracy Down">Accuracy Down</b>
  <b id="147" duration="0" jp="攻撃力ダウン" enLog="afflicted with Attack Down">Attack Down</b>
  <b id="148" duration="0" jp="回避率ダウン" enLog="afflicted with Evasion Down">Evasion Down</b>
  <b id="149" duration="0" jp="防御力ダウン" enLog="afflicted with Defense Down">Defense Down</b>
  <b id="150" duration="0" jp="物理バリア" enLog="Physical Shield">Physical Shield</b>
  <b id="151" duration="0" jp="遠隔物理バリア" enLog="Arrow Shield">Arrow Shield</b>
  <b id="152" duration="0" jp="魔法バリア" enLog="Magic Shield">Magic Shield</b>
  <b id="153" duration="0" jp="ダメージスパイク" enLog="Damage Spikes">Damage Spikes</b>
  <b id="154" duration="0" jp="ルビーの輝き" enLog="Shining Ruby">Shining Ruby</b>
  <b id="155" duration="0" jp="服薬中" enLog="medicated">medicine</b>
  <b id="156" duration="0" jp="フラッシュ" enLog="afflicted with Flash">Flash</b>
  <b id="157" duration="0" jp="サポートジョブ無効" enLog="SJ Restriction">SJ Restriction</b>
  <b id="158" duration="0" jp="挑発" enLog="provoked">Provoke</b>
  <b id="159" duration="0" jp="ペナルティ" enLog="penalized">penalty</b>
  <b id="160" duration="0" jp="試合復帰準備中" enLog="preparing for battle">preparations</b>
  <b id="161" duration="0" jp="スプリント" enLog="Sprint">Sprint</b>
  <b id="162" duration="0" jp="エンチャント" enLog="enchanted">enchantment</b>
  <b id="163" duration="0" jp="アジュールロー" enLog="Azure Lore">Azure Lore</b>
  <b id="164" duration="0" jp="ブルーチェーン" enLog="Chain Affinity">Chain Affinity</b>
  <b id="165" duration="0" jp="ブルーバースト" enLog="Burst Affinity">Burst Affinity</b>
  <b id="166" duration="0" jp="オーバードライヴ" enLog="Overdrive">Overdrive</b>
  <b id="167" duration="0" jp="魔法防御力ダウン" enLog="Magic Def. Down">Magic Def. Down</b>
  <b id="168" duration="0" jp="インヒビットTP" enLog="TP-inhibited">Inhibit TP</b>
  <b id="169" duration="0" jp="ポテンシー" enLog="Potency">Potency</b>
  <b id="170" duration="0" jp="リゲイン" enLog="Regain">Regain</b>
  <b id="171" duration="0" jp="パクス" enLog="Pax">Pax</b>
  <b id="172" duration="0" jp="インテンション" enLog="Intension">Intension</b>
  <b id="173" duration="0" jp="ドレッドスパイク" enLog="Dread Spikes">Dread Spikes</b>
  <b id="174" duration="0" jp="魔法命中率ダウン" enLog="Magic Acc. Down">Magic Acc. Down</b>
  <b id="175" duration="0" jp="魔法攻撃力ダウン" enLog="Magic Atk. Down">Magic Atk. Down</b>
  <b id="176" duration="0" jp="移動速度アップ" enLog="quickened">quickening</b>
  <b id="177" duration="0" jp="装備変更不可" enLog="encumbered">encumbrance</b>
  <b id="178" duration="0" jp="熱波の陣" enLog="Firestorm">Firestorm</b>
  <b id="179" duration="0" jp="吹雪の陣" enLog="Hailstorm">Hailstorm</b>
  <b id="180" duration="0" jp="烈風の陣" enLog="Windstorm">Windstorm</b>
  <b id="181" duration="0" jp="砂塵の陣" enLog="Sandstorm">Sandstorm</b>
  <b id="182" duration="0" jp="疾雷の陣" enLog="Thunderstorm">Thunderstorm</b>
  <b id="183" duration="0" jp="豪雨の陣" enLog="Rainstorm">Rainstorm</b>
  <b id="184" duration="0" jp="極光の陣" enLog="Aurorastorm">Aurorastorm</b>
  <b id="185" duration="0" jp="妖霧の陣" enLog="Voidstorm">Voidstorm</b>
  <b id="186" duration="0" jp="計略" enLog="Helix">Helix</b>
  <b id="187" duration="0" jp="机上演習:蓄積中" enLog="Sublimation: Activated">Sublimation: Activated</b>
  <b id="188" duration="0" jp="机上演習:蓄積完了" enLog="Sublimation: Complete">Sublimation: Complete</b>
  <b id="189" duration="0" jp="TPmaxダウン" enLog="Max TP Down">Max TP Down</b>
  <b id="190" duration="0" jp="魔法攻撃力アップ" enLog="Magic Atk. Boost">Magic Atk. Boost</b>
  <b id="191" duration="0" jp="魔法防御力アップ" enLog="Magic Def. Boost">Magic Def. Boost</b>
  <b id="192" duration="0" jp="レクイエム" enLog="Requiem">Requiem</b>
  <b id="193" duration="0" jp="ララバイ" enLog="Lullaby">Lullaby</b>
  <b id="194" duration="0" jp="エレジー" enLog="Elegy">Elegy</b>
  <b id="195" duration="0" jp="ピーアン" enLog="Paeon">Paeon</b>
  <b id="196" duration="0" jp="バラード" enLog="Ballad">Ballad</b>
  <b id="197" duration="0" jp="ミンネ" enLog="Minne">Minne</b>
  <b id="198" duration="0" jp="メヌエット" enLog="Minuet">Minuet</b>
  <b id="199" duration="0" jp="マドリガル" enLog="Madrigal">Madrigal</b>
  <b id="200" duration="0" jp="プレリュード" enLog="Prelude">Prelude</b>
  <b id="201" duration="0" jp="マンボ" enLog="Mambo">Mambo</b>
  <b id="202" duration="0" jp="オーバード" enLog="Aubade">Aubade</b>
  <b id="203" duration="0" jp="パストラル" enLog="Pastoral">Pastoral</b>
  <b id="204" duration="0" jp="ハミング" enLog="Hum">Hum</b>
  <b id="205" duration="0" jp="ファンタジア" enLog="Fantasia">Fantasia</b>
  <b id="206" duration="0" jp="オペレッタ" enLog="Operetta">Operetta</b>
  <b id="207" duration="0" jp="カプリチオ" enLog="Capriccio">Capriccio</b>
  <b id="208" duration="0" jp="セレナーデ" enLog="Serenade">Serenade</b>
  <b id="209" duration="0" jp="ロンド" enLog="Round">Round</b>
  <b id="210" duration="0" jp="ガボット" enLog="Gavotte">Gavotte</b>
  <b id="211" duration="0" jp="フーガ" enLog="Fugue">Fugue</b>
  <b id="212" duration="0" jp="ラプソディ" enLog="Rhapsody">Rhapsody</b>
  <b id="213" duration="0" jp="アリア" enLog="Aria">Aria</b>
  <b id="214" duration="0" jp="マーチ" enLog="March">March</b>
  <b id="215" duration="0" jp="エチュード" enLog="Etude">Etude</b>
  <b id="216" duration="0" jp="カロル" enLog="Carol">Carol</b>
  <b id="217" duration="0" jp="スレノディ" enLog="Threnody">Threnody</b>
  <b id="218" duration="0" jp="ヒムヌス" enLog="Hymnus">Hymnus</b>
  <b id="219" duration="0" jp="マズルカ" enLog="Mazurka">Mazurka</b>
  <b id="220" duration="0" jp="シルベント" enLog="Sirvente">Sirvente</b>
  <b id="221" duration="0" jp="ダージュ" enLog="Dirge">Dirge</b>
  <b id="222" duration="0" jp="スケルツォ" enLog="Scherzo">Scherzo</b>
  <b id="223" duration="0" jp="ノクターン" enLog="Nocturne">Nocturne</b>
  <b id="224" duration="0" jp="ＳＴ２２４" enLog="ST224">ST224</b>
  <b id="225" duration="0" jp="ＳＴ２２５" enLog="ST225">ST225</b>
  <b id="226" duration="0" jp="ＳＴ２２６" enLog="ST226">ST226</b>
  <b id="227" duration="0" jp="ストアTP" enLog="Store TP">Store TP</b>
  <b id="228" duration="0" jp="オーラ" enLog="Embrava">Embrava</b>
  <b id="229" duration="0" jp="魔力の雫" enLog="Manawell">Manawell</b>
  <b id="230" duration="0" jp="クイックマジック" enLog="Spontaneity">Spontaneity</b>
  <b id="231" duration="0" jp="マルカート" enLog="Marcato">Marcato</b>
  <b id="232" duration="0" jp="（未使用）" enLog="(N/A)">(N/A)</b>
  <b id="233" duration="0" jp="オートリジェネ" enLog="Auto-Regen">Auto-Regen</b>
  <b id="234" duration="0" jp="オートリフレシュ" enLog="Auto-Refresh">Auto-Refresh</b>
  <b id="235" duration="0" jp="釣りイメージ" enLog="Fishing Imagery">Fishing Imagery</b>
  <b id="236" duration="0" jp="木工イメージ" enLog="Woodworking Imagery">Woodworking Imagery</b>
  <b id="237" duration="0" jp="鍛冶イメージ" enLog="Smithing Imagery">Smithing Imagery</b>
  <b id="238" duration="0" jp="彫金イメージ" enLog="Goldsmithing Imagery">Goldsmithing Imagery</b>
  <b id="239" duration="0" jp="裁縫イメージ" enLog="Clothcraft Imagery">Clothcraft Imagery</b>
  <b id="240" duration="0" jp="革細工イメージ" enLog="Leathercraft Imagery">Leathercraft Imagery</b>
  <b id="241" duration="0" jp="骨細工イメージ" enLog="Bonecraft Imagery">Bonecraft Imagery</b>
  <b id="242" duration="0" jp="錬金術イメージ" enLog="Alchemy Imagery">Alchemy Imagery</b>
  <b id="243" duration="0" jp="調理イメージ" enLog="Cooking Imagery">Cooking Imagery</b>
  <b id="249" duration="0" jp="専心" enLog="Dedication">Dedication</b>
  <b id="250" duration="0" jp="遠征軍参加資格" enLog="EF Badge">EF Badge</b>
  <b id="251" duration="0" jp="食事" enLog="Food">Food</b>
  <b id="252" duration="0" jp="チョコボ" enLog="Chocobo">Chocobo</b>
  <b id="253" duration="0" jp="シグネット" enLog="Signet">Signet</b>
  <b id="254" duration="0" jp="バトルフィールド" enLog="Battlefield">Battlefield</b>
  <b id="256" duration="0" jp="サンクション" enLog="Sanction">Sanction</b>
  <b id="257" duration="0" jp="ビシージド" enLog="Besieged">Besieged</b>
  <b id="258" duration="0" jp="イリュージョン" enLog="Illusion">Illusion</b>
  <b id="259" duration="0" jp="エンカンバー" enLog="encumbered">encumbrance</b>
  <b id="260" duration="0" jp="オブリビセンス" enLog="Obliviscence">Obliviscence</b>
  <b id="261" duration="0" jp="インペア" enLog="impaired">impairment</b>
  <b id="262" duration="0" jp="オメルタ" enLog="Omerta">Omerta</b>
  <b id="263" duration="0" jp="デビリテート" enLog="debilitated">debilitation</b>
  <b id="264" duration="0" jp="パトス" enLog="Pathos">Pathos</b>
  <b id="265" duration="0" jp="フラーリー" enLog="Flurry">Flurry</b>
  <b id="266" duration="0" jp="コンセントレーション" enLog="Concentration">Concentration</b>
  <b id="267" duration="0" jp="アライドタグ" enLog="Allied Tags">Allied Tags</b>
  <b id="268" duration="0" jp="シギル" enLog="Sigil">Sigil</b>
  <b id="269" duration="0" jp="レベルシンク" enLog="Level Sync">Level Sync</b>
  <b id="270" duration="0" jp="アフターマス:Lv1" enLog="Aftermath: Lv.1">Aftermath: Lv.1</b>
  <b id="271" duration="0" jp="アフターマス:Lv2" enLog="Aftermath: Lv.2">Aftermath: Lv.2</b>
  <b id="272" duration="0" jp="アフターマス:Lv3" enLog="Aftermath: Lv.3">Aftermath: Lv.3</b>
  <b id="273" duration="0" jp="アフターマス" enLog="Aftermath">Aftermath</b>
  <b id="274" duration="0" jp="エンライト" enLog="Enlight">Enlight</b>
  <b id="275" duration="0" jp="オースピス" enLog="Auspice">Auspice</b>
  <b id="276" duration="0" jp="コンフロント" enLog="Confrontation">Confrontation</b>
  <b id="277" duration="0" jp="エンファイアII" enLog="Enfire II">Enfire II</b>
  <b id="278" duration="0" jp="エンブリザドII" enLog="Enblizzard II">Enblizzard II</b>
  <b id="279" duration="0" jp="エンエアロII" enLog="Enaero II">Enaero II</b>
  <b id="280" duration="0" jp="エンストーンII" enLog="Enstone II">Enstone II</b>
  <b id="281" duration="0" jp="エンサンダーII" enLog="Enthunder II">Enthunder II</b>
  <b id="282" duration="0" jp="エンウォータII" enLog="Enwater II">Enwater II</b>
  <b id="283" duration="0" jp="絶対防御" enLog="Perfect Defense">Perfect Defense</b>
  <b id="284" duration="0" jp="タマゴ" enLog="Egg">Egg</b>
  <b id="285" duration="0" jp="ビジタント" enLog="Visitant">Visitant</b>
  <b id="286" duration="0" jp="バアムネジア" enLog="Baramnesia">Baramnesia</b>
  <b id="287" duration="0" jp="アートマ" enLog="Atma">Atma</b>
  <b id="288" duration="0" jp="エンダーク" enLog="Endark">Endark</b>
  <b id="289" duration="0" jp="敵対心アップ" enLog="Enmity Boost">Enmity Boost</b>
  <b id="290" duration="0" jp="モクシャアップ" enLog="Subtle Blow Plus">Subtle Blow Plus</b>
  <b id="291" duration="0" jp="敵対心ダウン" enLog="Enmity Down">Enmity Down</b>
  <b id="292" duration="0" jp="ペナント" enLog="Pennant">Pennant</b>
  <b id="293" duration="0" jp="ネゲートペトリ" enLog="Negate Petrify">Negate Petrify</b>
  <b id="294" duration="0" jp="ネゲートテラー" enLog="Negate Terror">Negate Terror</b>
  <b id="295" duration="0" jp="ネゲートアムネジア" enLog="Negate Amnesia">Negate Amnesia</b>
  <b id="296" duration="0" jp="ネゲートドゥーム" enLog="Negate Doom">Negate Doom</b>
  <b id="297" duration="0" jp="ネゲートポイズン" enLog="Negate Poison">Negate Poison</b>
  <b id="298" duration="0" jp="被クリティカルヒット率アップ" enLog="critical hit evasion down">critical hit evasion down</b>
  <b id="299" duration="0" jp="オーバーロード" enLog="overloaded">Overload</b>
  <b id="300" duration="0" jp="ファイアマニューバ" enLog="Fire Maneuver">Fire Maneuver</b>
  <b id="301" duration="0" jp="アイスマニューバ" enLog="Ice Maneuver">Ice Maneuver</b>
  <b id="302" duration="0" jp="ウィンドマニューバ" enLog="Wind Maneuver">Wind Maneuver</b>
  <b id="303" duration="0" jp="アースマニューバ" enLog="Earth Maneuver">Earth Maneuver</b>
  <b id="304" duration="0" jp="サンダーマニューバ" enLog="Thunder Maneuver">Thunder Maneuver</b>
  <b id="305" duration="0" jp="ウォータマニューバ" enLog="Water Maneuver">Water Maneuver</b>
  <b id="306" duration="0" jp="ライトマニューバ" enLog="Light Maneuver">Light Maneuver</b>
  <b id="307" duration="0" jp="ダークマニューバ" enLog="Dark Maneuver">Dark Maneuver</b>
  <b id="308" duration="0" jp="ダブルアップチャンス" enLog="Double-Up Chance">Double-Up Chance</b>
  <b id="309" duration="0" jp="バスト" enLog="Bust">Bust</b>
  <b id="310" duration="0" jp="ファイターズロール" enLog="Fighter's Roll">Fighter's Roll</b>
  <b id="311" duration="0" jp="モンクスロール" enLog="Monk's Roll">Monk's Roll</b>
  <b id="312" duration="0" jp="ヒーラーズロール" enLog="Healer's Roll">Healer's Roll</b>
  <b id="313" duration="0" jp="ウィザーズロール" enLog="Wizard's Roll">Wizard's Roll</b>
  <b id="314" duration="0" jp="ワーロックスロール" enLog="Warlock's Roll">Warlock's Roll</b>
  <b id="315" duration="0" jp="ローグズロール" enLog="Rogue's Roll">Rogue's Roll</b>
  <b id="316" duration="0" jp="ガランツロール" enLog="Gallant's Roll">Gallant's Roll</b>
  <b id="317" duration="0" jp="カオスロール" enLog="Chaos Roll">Chaos Roll</b>
  <b id="318" duration="0" jp="ビーストロール" enLog="Beast Roll">Beast Roll</b>
  <b id="319" duration="0" jp="コーラルロール" enLog="Choral Roll">Choral Roll</b>
  <b id="320" duration="0" jp="ハンターズロール" enLog="Hunter's Roll">Hunter's Roll</b>
  <b id="321" duration="0" jp="サムライロール" enLog="Samurai Roll">Samurai Roll</b>
  <b id="322" duration="0" jp="ニンジャロール" enLog="Ninja Roll">Ninja Roll</b>
  <b id="323" duration="0" jp="ドラケンロール" enLog="Drachen Roll">Drachen Roll</b>
  <b id="324" duration="0" jp="エボカーズロール" enLog="Evoker's Roll">Evoker's Roll</b>
  <b id="325" duration="0" jp="メガスズロール" enLog="Magus's Roll">Magus's Roll</b>
  <b id="326" duration="0" jp="コルセアズロール" enLog="Corsair's Roll">Corsair's Roll</b>
  <b id="327" duration="0" jp="パペットロール" enLog="Puppet Roll">Puppet Roll</b>
  <b id="328" duration="0" jp="ダンサーロール" enLog="Dancer's Roll">Dancer's Roll</b>
  <b id="329" duration="0" jp="スカラーロール" enLog="Scholar's Roll">Scholar's Roll</b>
  <b id="330" duration="0" jp="ボルターズロール" enLog="Bolter's Roll">Bolter's Roll</b>
  <b id="331" duration="0" jp="キャスターズロール" enLog="Caster's Roll">Caster's Roll</b>
  <b id="332" duration="0" jp="コアサーズロール" enLog="Courser's Roll">Courser's Roll</b>
  <b id="333" duration="0" jp="ブリッツァロール" enLog="Blitzer's Roll">Blitzer's Roll</b>
  <b id="334" duration="0" jp="タクティックロール" enLog="Tactician's Roll">Tactician's Roll</b>
  <b id="335" duration="0" jp="アライズロール" enLog="Allies' Roll">Allies' Roll</b>
  <b id="336" duration="0" jp="マイザーロール" enLog="Miser's Roll">Miser's Roll</b>
  <b id="337" duration="0" jp="コンパニオンロール" enLog="Companion's Roll">Companion's Roll</b>
  <b id="338" duration="0" jp="カウンターロール" enLog="Avenger's Roll">Avenger's Roll</b>
  <b id="339" duration="0" jp="ナチュラリストロール" enLog="Naturalist's Roll">Naturalist's Roll</b>
  <b id="340" duration="0" jp="ウォリアーチャージ" enLog="Warrior's Charge">Warrior's Charge</b>
  <b id="341" duration="0" jp="無想無念" enLog="Formless Strikes">Formless Strikes</b>
  <b id="342" duration="0" jp="アサシンチャージ" enLog="Assassin's Charge">Assassin's Charge</b>
  <b id="343" duration="0" jp="フェイント" enLog="Feint">Feint</b>
  <b id="344" duration="0" jp="フィールティ" enLog="Fealty">Fealty</b>
  <b id="345" duration="0" jp="ダークシール" enLog="Dark Seal">Dark Seal</b>
  <b id="346" duration="0" jp="ディアボリクアイ" enLog="Diabolic Eye">Diabolic Eye</b>
  <b id="347" duration="0" jp="ナイチンゲール" enLog="Nightingale">Nightingale</b>
  <b id="348" duration="0" jp="トルバドゥール" enLog="Troubadour">Troubadour</b>
  <b id="349" duration="0" jp="K.インスティンクト" enLog="Killer Instinct">Killer Instinct</b>
  <b id="350" duration="0" jp="ステルスショット" enLog="Stealth Shot">Stealth Shot</b>
  <b id="351" duration="0" jp="フラッシーショット" enLog="Flashy Shot">Flashy Shot</b>
  <b id="352" duration="0" jp="散華" enLog="Sange">Sange</b>
  <b id="353" duration="0" jp="八双" enLog="Hasso">Hasso</b>
  <b id="354" duration="0" jp="星眼" enLog="Seigan">Seigan</b>
  <b id="355" duration="0" jp="コンバージェンス" enLog="Convergence">Convergence</b>
  <b id="356" duration="0" jp="ディフュージョン" enLog="Diffusion">Diffusion</b>
  <b id="357" duration="0" jp="スネークアイ" enLog="Snake Eye">Snake Eye</b>
  <b id="358" duration="0" jp="白のグリモア" enLog="Light Arts">Light Arts</b>
  <b id="359" duration="0" jp="黒のグリモア" enLog="Dark Arts">Dark Arts</b>
  <b id="360" duration="0" jp="簡素清貧の章" enLog="Penury">Penury</b>
  <b id="361" duration="0" jp="勤倹小心の章" enLog="Parsimony">Parsimony</b>
  <b id="362" duration="0" jp="電光石火の章" enLog="Celerity">Celerity</b>
  <b id="363" duration="0" jp="疾風迅雷の章" enLog="Alacrity">Alacrity</b>
  <b id="364" duration="0" jp="意気昂然の章" enLog="Rapture">Rapture</b>
  <b id="365" duration="0" jp="気炎万丈の章" enLog="Ebullience">Ebullience</b>
  <b id="366" duration="0" jp="女神降臨の章" enLog="Accession">Accession</b>
  <b id="367" duration="0" jp="精霊光来の章" enLog="Manifestation">Manifestation</b>
  <b id="368" duration="0" jp="ドレインサンバ" enLog="Drain Samba">Drain Samba</b>
  <b id="369" duration="0" jp="アスピルサンバ" enLog="Aspir Samba">Aspir Samba</b>
  <b id="370" duration="0" jp="ヘイストサンバ" enLog="Haste Samba">Haste Samba</b>
  <b id="371" duration="0" jp="ベロシティショット" enLog="Velocity Shot">Velocity Shot</b>
  <b id="375" duration="0" jp="B.フラリッシュ" enLog="Building Flourish">Building Flourish</b>
  <b id="376" duration="0" jp="トランス" enLog="Trance">Trance</b>
  <b id="377" duration="0" jp="連環計" enLog="Tabula Rasa">Tabula Rasa</b>
  <b id="378" duration="0" jp="ドレインデイズ" enLog="Drain Daze">Drain Daze</b>
  <b id="379" duration="0" jp="アスピルデイズ" enLog="Aspir Daze">Aspir Daze</b>
  <b id="380" duration="0" jp="ヘイストデイズ" enLog="Haste Daze">Haste Daze</b>
  <b id="381" duration="0" jp="フィニシングムーブ1" enLog="Finishing Move 1">Finishing Move 1</b>
  <b id="382" duration="0" jp="フィニシングムーブ2" enLog="Finishing Move 2">Finishing Move 2</b>
  <b id="383" duration="0" jp="フィニシングムーブ3" enLog="Finishing Move 3">Finishing Move 3</b>
  <b id="384" duration="0" jp="フィニシングムーブ4" enLog="Finishing Move 4">Finishing Move 4</b>
  <b id="385" duration="0" jp="フィニシングムーブ5" enLog="Finishing Move 5">Finishing Move 5</b>
  <b id="386" duration="0" jp="クイックステップ1" enLog="Lethargic Daze 1">Lethargic Daze 1</b>
  <b id="387" duration="0" jp="クイックステップ2" enLog="Lethargic Daze 2">Lethargic Daze 2</b>
  <b id="388" duration="0" jp="クイックステップ3" enLog="Lethargic Daze 3">Lethargic Daze 3</b>
  <b id="389" duration="0" jp="クイックステップ4" enLog="Lethargic Daze 4">Lethargic Daze 4</b>
  <b id="390" duration="0" jp="クイックステップ5" enLog="Lethargic Daze 5">Lethargic Daze 5</b>
  <b id="391" duration="0" jp="ボックスステップ1" enLog="Sluggish Daze 1">Sluggish Daze 1</b>
  <b id="392" duration="0" jp="ボックスステップ2" enLog="Sluggish Daze 2">Sluggish Daze 2</b>
  <b id="393" duration="0" jp="ボックスステップ3" enLog="Sluggish Daze 3">Sluggish Daze 3</b>
  <b id="394" duration="0" jp="ボックスステップ4" enLog="Sluggish Daze 4">Sluggish Daze 4</b>
  <b id="395" duration="0" jp="ボックスステップ5" enLog="Sluggish Daze 5">Sluggish Daze 5</b>
  <b id="396" duration="0" jp="スタッターステップ1" enLog="Weakened Daze 1">Weakened Daze 1</b>
  <b id="397" duration="0" jp="スタッターステップ2" enLog="Weakened Daze 2">Weakened Daze 2</b>
  <b id="398" duration="0" jp="スタッターステップ3" enLog="Weakened Daze 3">Weakened Daze 3</b>
  <b id="399" duration="0" jp="スタッターステップ4" enLog="Weakened Daze 4">Weakened Daze 4</b>
  <b id="400" duration="0" jp="スタッターステップ5" enLog="Weakened Daze 5">Weakened Daze 5</b>
  <b id="401" duration="0" jp="白の補遺" enLog="Addendum: White">Addendum: White</b>
  <b id="402" duration="0" jp="黒の補遺" enLog="Addendum: Black">Addendum: Black</b>
  <b id="403" duration="0" jp="リアクト" enLog="Reprisal">Reprisal</b>
  <b id="404" duration="0" jp="魔法回避率ダウン" enLog="Magic Evasion Down">Magic Evasion Down</b>
  <b id="405" duration="0" jp="リタリエーション" enLog="Retaliation">Retaliation</b>
  <b id="406" duration="0" jp="猫足立ち" enLog="Footwork">Footwork</b>
  <b id="407" duration="0" jp="虚誘掩殺の策" enLog="Klimaform">Klimaform</b>
  <b id="408" duration="0" jp="石火之機" enLog="Sekkanoki">Sekkanoki</b>
  <b id="409" duration="0" jp="ピアニッシモ" enLog="Pianissimo">Pianissimo</b>
  <b id="410" duration="0" jp="剣の舞い" enLog="Saber Dance">Saber Dance</b>
  <b id="411" duration="0" jp="扇の舞い" enLog="Fan Dance">Fan Dance</b>
  <b id="412" duration="0" jp="不惜身命の章" enLog="Altruism">Altruism</b>
  <b id="413" duration="0" jp="一心精進の章" enLog="Focalization">Focalization</b>
  <b id="414" duration="0" jp="天衣無縫の章" enLog="Tranquility">Tranquility</b>
  <b id="415" duration="0" jp="無憂無風の章" enLog="Equanimity">Equanimity</b>
  <b id="416" duration="0" jp="大悟徹底" enLog="Enlightenment">Enlightenment</b>
  <b id="417" duration="0" jp="ハートオブソラス" enLog="Afflatus Solace">Afflatus Solace</b>
  <b id="418" duration="0" jp="ハートオブミゼリ" enLog="Afflatus Misery">Afflatus Misery</b>
  <b id="419" duration="0" jp="コンポージャー" enLog="Composure">Composure</b>
  <b id="420" duration="0" jp="陽忍" enLog="Yonin">Yonin</b>
  <b id="421" duration="0" jp="陰忍" enLog="Innin">Innin</b>
  <b id="422" duration="0" jp="カーバンクルの加護" enLog="Carbuncle's Favor">Carbuncle's Favor</b>
  <b id="423" duration="0" jp="イフリートの加護" enLog="Ifrit's Favor">Ifrit's Favor</b>
  <b id="424" duration="0" jp="シヴァの加護" enLog="Shiva's Favor">Shiva's Favor</b>
  <b id="425" duration="0" jp="ガルーダの加護" enLog="Garuda's Favor">Garuda's Favor</b>
  <b id="426" duration="0" jp="タイタンの加護" enLog="Titan's Favor">Titan's Favor</b>
  <b id="427" duration="0" jp="ラムウの加護" enLog="Ramuh's Favor">Ramuh's Favor</b>
  <b id="428" duration="0" jp="リヴァイアサンの加護" enLog="Leviathan's Favor">Leviathan's Favor</b>
  <b id="429" duration="0" jp="フェンリルの加護" enLog="Fenrir's Favor">Fenrir's Favor</b>
  <b id="430" duration="0" jp="ディアボロスの加護" enLog="Diabolos's Favor">Diabolos's Favor</b>
  <b id="431" duration="0" jp="神獣の加護" enLog="Avatar's Favor">Avatar's Favor</b>
  <b id="432" duration="0" jp="マルチアタック" enLog="Multi Strikes">Multi Strikes</b>
  <b id="433" duration="0" jp="ダブルショット" enLog="Double Shot">Double Shot</b>
  <b id="434" duration="0" jp="天神地祇" enLog="Transcendency">Transcendency</b>
  <b id="435" duration="0" jp="リストレント" enLog="Restraint">Restraint</b>
  <b id="436" duration="0" jp="絶対カウンター" enLog="Perfect Counter">Perfect Counter</b>
  <b id="437" duration="0" jp="マナウォール" enLog="Mana Wall">Mana Wall</b>
  <b id="438" duration="0" jp="神聖の印" enLog="Divine Emblem">Divine Emblem</b>
  <b id="439" duration="0" jp="ネザーヴォイド" enLog="Nether Void">Nether Void</b>
  <b id="440" duration="0" jp="先義後利" enLog="Sengikori">Sengikori</b>
  <b id="441" duration="0" jp="二重" enLog="Futae">Futae</b>
  <b id="442" duration="0" jp="プレスト" enLog="Presto">Presto</b>
  <b id="443" duration="0" jp="C.フラリッシュ" enLog="Climactic Flourish">Climactic Flourish</b>
  <b id="444" duration="0" jp="分身(2)" enLog="Copy Image (2)">Copy Image (2)</b>
  <b id="445" duration="0" jp="分身(3)" enLog="Copy Image (3)">Copy Image (3)</b>
  <b id="446" duration="0" jp="分身(4+)" enLog="Copy Image (4+)">Copy Image (4+)</b>
  <b id="447" duration="0" jp="マルチショット" enLog="Multi Shots">Multi Shots</b>
  <b id="448" duration="0" jp="フェザーステップ" enLog="Bewildered Daze">Bewildered Daze</b>
  <b id="449" duration="0" jp="フェザーステップ" enLog="Bewildered Daze">Bewildered Daze</b>
  <b id="450" duration="0" jp="フェザーステップ" enLog="Bewildered Daze">Bewildered Daze</b>
  <b id="451" duration="0" jp="フェザーステップ" enLog="Bewildered Daze">Bewildered Daze</b>
  <b id="452" duration="0" jp="フェザーステップ" enLog="Bewildered Daze">Bewildered Daze</b>
  <b id="453" duration="0" jp="女神の愛撫" enLog="Divine Caress">Divine Caress</b>
  <b id="454" duration="0" jp="サボトゥール" enLog="Saboteur">Saboteur</b>
  <b id="455" duration="0" jp="テヌート" enLog="Tenuto">Tenuto</b>
  <b id="456" duration="0" jp="気張れ" enLog="Spur">Spur</b>
  <b id="457" duration="0" jp="エフラックス" enLog="Efflux">Efflux</b>
  <b id="458" duration="0" jp="大地の鎧" enLog="Earthen Armor">Earthen Armor</b>
  <b id="459" duration="0" jp="女神の愛撫" enLog="Divine Caress">Divine Caress</b>
  <b id="460" duration="0" jp="ブラッドレイジ" enLog="Blood Rage">Blood Rage</b>
  <b id="461" duration="0" jp="インピタス" enLog="Impetus">Impetus</b>
  <b id="462" duration="0" jp="コンスピレーター" enLog="Conspirator">Conspirator</b>
  <b id="463" duration="0" jp="セプルカー" enLog="Sepulcher">Sepulcher</b>
  <b id="464" duration="0" jp="アルケインクレスト" enLog="Arcane Crest">Arcane Crest</b>
  <b id="465" duration="0" jp="破魔の刃" enLog="Hamanoha">Hamanoha</b>
  <b id="466" duration="0" jp="ドラゴンブレイカー" enLog="Dragon Breaker">Dragon Breaker</b>
  <b id="467" duration="0" jp="トリプルショット" enLog="Triple Shot">Triple Shot</b>
  <b id="468" duration="0" jp="S.フラリッシュ" enLog="Striking Flourish">Striking Flourish</b>
  <b id="469" duration="0" jp="令狸執鼠の章" enLog="Perpetuance">Perpetuance</b>
  <b id="470" duration="0" jp="震天動地の章" enLog="Immanence">Immanence</b>
  <b id="471" duration="0" jp="身替" enLog="Migawari">Migawari</b>
  <b id="472" duration="0" jp="T.フラリッシュ" enLog="Ternary Flourish">Ternary Flourish</b>
  <b id="473" duration="0" jp="アイテム使用不可" enLog="muddled">muddle</b>
  <b id="474" duration="0" jp="一時技能" enLog="Prowess">Prowess</b>
  <b id="475" duration="0" jp="ヴォイドウォッチャー" enLog="Voidwatcher">Voidwatcher</b>
  <b id="476" duration="0" jp="インスフィア" enLog="Ensphere">Ensphere</b>
  <b id="477" duration="0" jp="女神の聖域" enLog="Sacrosanctity">Sacrosanctity</b>
  <b id="478" duration="0" jp="パリセード" enLog="Palisade">Palisade</b>
  <b id="479" duration="0" jp="レッドデリリアム" enLog="Scarlet Delirium">Scarlet Delirium</b>
  <b id="480" duration="0" jp="レッドデリリアム" enLog="Scarlet Delirium">Scarlet Delirium</b>
  <b id="482" duration="0" jp="デコイショット" enLog="Decoy Shot">Decoy Shot</b>
  <b id="483" duration="0" jp="葉隠" enLog="Hagakure">Hagakure</b>
  <b id="484" duration="0" jp="一隻眼" enLog="Issekigan">Issekigan</b>
  <b id="485" duration="0" jp="ノートリアスナレッジ" enLog="Unbridled Learning">Unbridled Learning</b>
  <b id="486" duration="0" jp="カウンターアップ" enLog="Counter Boost">Counter Boost</b>
  <b id="487" duration="0" jp="エンドレイン" enLog="Endrain">Endrain</b>
  <b id="488" duration="0" jp="エンアスピル" enLog="Enaspir">Enaspir</b>
  <b id="489" duration="0" jp="アフターグロウ" enLog="Afterglow">Afterglow</b>
  <b id="490" duration="0" jp="ブラーゼンラッシュ" enLog="Brazen Rush">Brazen Rush</b>
  <b id="491" duration="0" jp="インナーストレングス" enLog="Inner Strength">Inner Strength</b>
  <b id="492" duration="0" jp="女神の羽衣" enLog="Asylum">Asylum</b>
  <b id="493" duration="0" jp="サテルソーサリー" enLog="Subtle Sorcery">Subtle Sorcery</b>
  <b id="494" duration="0" jp="スタイミー" enLog="Stymie">Stymie</b>
  <b id="496" duration="0" jp="インターヴィーン" enLog="Intervene">Intervene</b>
  <b id="497" duration="0" jp="ソールエンスレーヴ" enLog="Soul Enslavement">Soul Enslavement</b>
  <b id="498" duration="0" jp="アンリーシュ" enLog="Unleash">Unleash</b>
  <b id="499" duration="0" jp="クラリオンコール" enLog="Clarion Call">Clarion Call</b>
  <b id="500" duration="0" jp="オーバーキル" enLog="Overkill">Overkill</b>
  <b id="501" duration="0" jp="八重霞" enLog="Yaegasumi">Yaegasumi</b>
  <b id="502" duration="0" jp="身影" enLog="Mikage">Mikage</b>
  <b id="503" duration="0" jp="フライハイ" enLog="Fly High">Fly High</b>
  <b id="504" duration="0" jp="アストラルパッセージ" enLog="Astral Conduit">Astral Conduit</b>
  <b id="505" duration="0" jp="N.ウィズドム" enLog="Unbridled Wisdom">Unbridled Wisdom</b>
  <b id="507" duration="0" jp="グランドパー" enLog="Grand Pas">Grand Pas</b>
  <b id="508" duration="0" jp="ワイデンコンパス" enLog="Widened Compass">Widened Compass</b>
  <b id="509" duration="0" jp="オディリックサブタ" enLog="Odyllic Subterfuge">Odyllic Subterfuge</b>
  <b id="510" duration="0" jp="エルゴンパワー" enLog="Ergon Might">Ergon Might</b>
  <b id="511" duration="0" jp="レイヴシンボル" enLog="Reive Mark">Reive Mark</b>
  <b id="512" duration="0" jp="イオニス" enLog="Ionis">Ionis</b>
  <b id="513" duration="0" jp="ボルスター" enLog="bolstered">Bolster</b>
  <b id="515" duration="0" jp="エンデュアエマネイト" enLog="Lasting Emanation">Lasting Emanation</b>
  <b id="516" duration="0" jp="サークルエンリッチ" enLog="Ecliptic Attrition">Ecliptic Attrition</b>
  <b id="517" duration="0" jp="コリメイトファーバー" enLog="Collimated Fervor">Collimated Fervor</b>
  <b id="518" duration="0" jp="デマテリアライズ" enLog="Dematerialize">Dematerialize</b>
  <b id="519" duration="0" jp="タウマテルギフォカス" enLog="Theurgic Focus">Theurgic Focus</b>
  <b id="522" duration="0" jp="Ｅ.スフォルツォ" enLog="Elemental Sforzo">Elemental Sforzo</b>
  <b id="523" duration="0" jp="イグニス" enLog="Ignis">Ignis</b>
  <b id="524" duration="0" jp="ゲールス" enLog="Gelus">Gelus</b>
  <b id="525" duration="0" jp="フラブラ" enLog="Flabra">Flabra</b>
  <b id="526" duration="0" jp="テッルス" enLog="Tellus">Tellus</b>
  <b id="527" duration="0" jp="スルポール" enLog="Sulpor">Sulpor</b>
  <b id="528" duration="0" jp="ウンダ" enLog="Unda">Unda</b>
  <b id="529" duration="0" jp="ルックス" enLog="Lux">Lux</b>
  <b id="530" duration="0" jp="テネブレイ" enLog="Tenebrae">Tenebrae</b>
  <b id="531" duration="0" jp="ヴァレション" enLog="Vallation">Vallation</b>
  <b id="532" duration="0" jp="ソードプレイ" enLog="Swordplay">Swordplay</b>
  <b id="533" duration="0" jp="フルーグ" enLog="Pflug">Pflug</b>
  <b id="534" duration="0" jp="エンボルド" enLog="emboldened">Embolden</b>
  <b id="535" duration="0" jp="ヴァリエンス" enLog="Valiance">Valiance</b>
  <b id="536" duration="0" jp="ガンビット" enLog="Gambit">Gambit</b>
  <b id="537" duration="0" jp="リエモン" enLog="Liement">Liement</b>
  <b id="538" duration="0" jp="ワンフォアオール" enLog="One for All">One for All</b>
  <b id="539" duration="0" jp="リジェネ" enLog="regenerating">Regen</b>
  <b id="540" duration="0" jp="ポイズン" enLog="poisoned">poison</b>
  <b id="541" duration="0" jp="リフレシュ" enLog="refreshing">Refresh</b>
  <b id="542" duration="0" jp="STRアップ" enLog="STR-boosted">STR Boost</b>
  <b id="543" duration="0" jp="DEXアップ" enLog="DEX-boosted">DEX Boost</b>
  <b id="544" duration="0" jp="VITアップ" enLog="VIT-boosted">VIT Boost</b>
  <b id="545" duration="0" jp="AGIアップ" enLog="AGI-boosted">AGI Boost</b>
  <b id="546" duration="0" jp="INTアップ" enLog="INT-boosted">INT Boost</b>
  <b id="547" duration="0" jp="MNDアップ" enLog="MND-boosted">MND Boost</b>
  <b id="548" duration="0" jp="CHRアップ" enLog="CHR-boosted">CHR Boost</b>
  <b id="549" duration="0" jp="攻撃力アップ" enLog="attack-boosted">Attack Boost</b>
  <b id="550" duration="0" jp="防御力アップ" enLog="defense-boosted">Defense Boost</b>
  <b id="551" duration="0" jp="魔法攻撃力アップ" enLog="Magic Atk. Boost">Magic Atk. Boost</b>
  <b id="552" duration="0" jp="魔法防御力アップ" enLog="Magic Def. Boost">Magic Def. Boost</b>
  <b id="553" duration="0" jp="命中率アップ" enLog="accuracy-boosted">Accuracy Boost</b>
  <b id="554" duration="0" jp="回避率アップ" enLog="evasion-boosted">Evasion Boost</b>
  <b id="555" duration="0" jp="魔法命中率アップ" enLog="Magic Acc. Boost">Magic Acc. Boost</b>
  <b id="556" duration="0" jp="魔法回避率アップ" enLog="Magic Evasion Boost">Magic Evasion Boost</b>
  <b id="557" duration="0" jp="攻撃力ダウン" enLog="afflicted with Attack Down">Attack Down</b>
  <b id="558" duration="0" jp="防御力ダウン" enLog="afflicted with Defense Down">Defense Down</b>
  <b id="559" duration="0" jp="魔法攻撃力ダウン" enLog="afflicted with Magic Atk. Down">Magic Atk. Down</b>
  <b id="560" duration="0" jp="魔法防御力ダウン" enLog="afflicted with Magic Adef. Down">Magic Def. Down</b>
  <b id="561" duration="0" jp="命中率ダウン" enLog="afflicted with Accuracy Down">Accuracy Down</b>
  <b id="562" duration="0" jp="回避率ダウン" enLog="afflicted with Evasion Down">Evasion Down</b>
  <b id="563" duration="0" jp="魔法命中率ダウン" enLog="afflicted with Magic Acc. Down">Magic Acc. Down</b>
  <b id="564" duration="0" jp="魔法回避率ダウン" enLog="afflicted with Magic Evasion Down">Magic Evasion Down</b>
  <b id="565" duration="0" jp="スロウ" enLog="slowed">slow</b>
  <b id="566" duration="0" jp="麻痺" enLog="paralyzed">paralysis</b>
  <b id="567" duration="0" jp="ヘヴィ" enLog="weighed down">weight</b>
  <b id="568" duration="0" jp="特殊攻撃回避率アップ" enLog="Foil">Foil</b>
  <b id="569" duration="0" jp="グローリーブレイズ" enLog="Blaze of Glory">Blaze of Glory</b>
  <b id="570" duration="0" jp="バットゥタ" enLog="Battuta">Battuta</b>
  <b id="571" duration="0" jp="レイク" enLog="Rayke">Rayke</b>
  <b id="572" duration="0" jp="回避能力ダウン" enLog="afflicted with Avoidance Down">Avoidance Down</b>
  <b id="573" duration="0" jp="アクアスパイク" enLog="Deluge Spikes">Deluge Spikes</b>
  <b id="574" duration="0" jp="ファストキャスト" enLog="Fast Cast">Fast Cast</b>
  <b id="575" duration="0" jp="出現準備期間" enLog="gestating">gestation</b>
  <b id="576" duration="0" jp="減退中" enLog="afflicted with Doubt">Doubt</b>
  <b id="577" duration="0" jp="ケット・シーの加護" enLog="Cait Sith's Favor">Cait Sith's Favor</b>
  <b id="578" duration="0" jp="釣り師のセンス" enLog="Fishy Intuition">Fishy Intuition</b>
  <b id="579" duration="0" jp="一心" enLog="Commitment">Commitment</b>
  <b id="580" duration="0" jp="ヘイスト" enLog="hastened">Haste</b>
  <b id="581" duration="0" jp="スナップ" enLog="Flurry">Flurry</b>
  <b id="582" duration="0" jp="コントラダンス" enLog="Contradance">Contradance</b>
  <b id="583" duration="0" jp="アポジー" enLog="Apogee">Apogee</b>
  <b id="584" duration="0" jp="エントラスト" enLog="entrusting">Entrust</b>
  <b id="585" duration="0" jp="コスチューム" enLog="costumed">Costume</b>
  <b id="586" duration="0" jp="被ケアル回復量アップ" enLog="Curing Conduit">Curing Conduit</b>
  <b id="587" duration="0" jp="TPボーナスアップ" enLog="TP Bonus">TP Bonus</b>
  <b id="588" duration="0" jp="フィニシングムーブ(5+)" enLog="Finishing Move (6+)">Finishing Move (6+)</b>
  <b id="589" duration="0" jp="熱波の陣II" enLog="Firestorm">Firestorm</b>
  <b id="590" duration="0" jp="吹雪の陣II" enLog="Hailstorm">Hailstorm</b>
  <b id="591" duration="0" jp="烈風の陣II" enLog="Windstorm">Windstorm</b>
  <b id="592" duration="0" jp="砂塵の陣II" enLog="Sandstorm">Sandstorm</b>
  <b id="593" duration="0" jp="疾雷の陣II" enLog="Thunderstorm">Thunderstorm</b>
  <b id="594" duration="0" jp="豪雨の陣II" enLog="Rainstorm">Rainstorm</b>
  <b id="595" duration="0" jp="極光の陣II" enLog="Aurorastorm">Aurorastorm</b>
  <b id="596" duration="0" jp="妖霧の陣II" enLog="Voidstorm">Voidstorm</b>
  <b id="597" duration="0" jp="イナンデーション" enLog="innundated">Inundation</b>
  <b id="598" duration="0" jp="カスケード" enLog="Cascade">Cascade</b>
  <b id="599" duration="0" jp="コンスームマナ" enLog="Consume Mana">Consume Mana</b>
  <b id="600" duration="0" jp="ルーニストロール" enLog="Runeist's Roll">Runeist's Roll</b>
  <b id="601" duration="0" jp="クルケッドカード" enLog="Crooked Cards">Crooked Cards</b>
  <b id="602" duration="0" jp="神符" enLog="Vorseal">Vorseal</b>
  <b id="603" duration="0" jp="祈祷神符" enLog="Elvorseal">Elvorseal</b>
  <b id="604" duration="0" jp="マイティガード" enLog="mightly guarded">Mighty Guard</b>
  <b id="605" duration="0" jp="ゲイルスパイク" enLog="Gale Spikes">Gale Spikes</b>
  <b id="606" duration="0" jp="クロッドスパイク" enLog="Clod Spikes">Clod Spikes</b>
  <b id="607" duration="0" jp="グリントスパイク" enLog="Glint Spikes">Glint Spikes</b>
  <b id="608" duration="0" jp="ネゲートウィルス" enLog="Negate Virus">Negate Virus</b>
  <b id="609" duration="0" jp="ネゲートカーズ" enLog="Negate Curse">Negate Curse</b>
  <b id="610" duration="0" jp="ネゲートチャーム" enLog="Negate Charm">Negate Charm</b>
</status>